id,playlist_id,artist_id,album_id,name
3hxIUxnT27p5WcmjGUXNwx,2geTIz7tYRniRcvdbLj0XW,35WVTyRnKAoaGExqgktVyb,4qVzNqB4cskFInYfrC7P0S,Shut up My Moms Calling
7DbdUf8aHSYoliSjO6LZv6,2geTIz7tYRniRcvdbLj0XW,7I3bkknknQkIiatWiupQgD,1xz1n7gyY02veDxH50SQHQ,"Sex, Drugs, Etc."
5FVd6KXrgO9B3JPmC8OPst,2geTIz7tYRniRcvdbLj0XW,7Ln80lUS6He07XvHI8qqHH,78bpIziExqiI9qztvNFlQu,Do I Wanna Know?
0BxE4FqsDD1Ot4YuBXwAPp,2geTIz7tYRniRcvdbLj0XW,7Ln80lUS6He07XvHI8qqHH,1XkGORuUX2QGOEIL4EbJKm,505
5XeFesFbtLpXzIVDNQP22n,2geTIz7tYRniRcvdbLj0XW,7Ln80lUS6He07XvHI8qqHH,78bpIziExqiI9qztvNFlQu,I Wanna Be Yours
2psRActEWsTlYYd7EDoyVR,2geTIz7tYRniRcvdbLj0XW,69bG9tC62d8oTFC9aTTosn,6I5Pf71uQzQC0IcJOrh8Rz,Those Eyes
7D0RhFcb3CrfPuTJ0obrod,2geTIz7tYRniRcvdbLj0XW,4gzpq5DPGxSnKTe4SA8HAU,6ZG5lRT77aJ3btmArcykra,Sparks
2KhrPRV0V1FS2l4eQMJUWt,2geTIz7tYRniRcvdbLj0XW,1QAJqy2dA3ihHBFIHRphZj,5chTLnnxlxQVAgEv6YbEBe,Sweet
0yuAWlxq59xT3agQ965OxE,2geTIz7tYRniRcvdbLj0XW,1QAJqy2dA3ihHBFIHRphZj,5chTLnnxlxQVAgEv6YbEBe,Sunsetz
1xK59OXxi2TAAAbmZK0kBL,2geTIz7tYRniRcvdbLj0XW,5y8tKLUfMvliMe8IKamR32,4B3FsNFguOEJ4TWEsct83B,Romantic Homicide
77KnJc8o5G1eKVwX5ywMeZ,2geTIz7tYRniRcvdbLj0XW,4j56EQDQu5XnL7R3E9iFJT,2Xp4fbuZF8UNC3b774j7zE,Mind Over Matter (Reprise)
6IPwKM3fUUzlElbvKw2sKl,2geTIz7tYRniRcvdbLj0XW,3uwAm6vQy7kWPS2bciKWx9,7vud0sY43VTv28MbWiglDa,we fell in love in october
5Y6nVaayzitvsD5F7nr3DV,2geTIz7tYRniRcvdbLj0XW,00FQb4jTyendYWaN8pK0wa,1ORxRsK3MrSLvh7VQTF01F,West Coast
1oAwsWBovWRIp7qLMGPIet,2geTIz7tYRniRcvdbLj0XW,1QAJqy2dA3ihHBFIHRphZj,5chTLnnxlxQVAgEv6YbEBe,Apocalypse
2xGjfbXZnI8uQDhukoQURQ,2geTIz7tYRniRcvdbLj0XW,1QAJqy2dA3ihHBFIHRphZj,5chTLnnxlxQVAgEv6YbEBe,K.
6GGtHZgBycCgGBUhZo81xe,2geTIz7tYRniRcvdbLj0XW,00FQb4jTyendYWaN8pK0wa,6jVg0POvGYH1Pt6lISl3ok,Say Yes To Heaven
0EF1EE8zusg3Y869e56JFd,2geTIz7tYRniRcvdbLj0XW,22y08IZx7u6SWpsfap1Cub,3fIxJzinc2MADbgfkLrmYY,Nothing's New
7EkWXAI1wn8Ii883ecd9xr,2geTIz7tYRniRcvdbLj0XW,1gl0S9pS0Zw0qfa14rDD3D,5WjaIWthUR3AjA0UYG3jR5,Freaks
3M0lSi5WW79CXQamgSBIjx,2geTIz7tYRniRcvdbLj0XW,7cYEt1pqMgXJdq00hAwVpT,7C8uqokvE67UOlu1TiEYMd,Swim
4HwDCXsMBC7SUdp2WT4MZP,2geTIz7tYRniRcvdbLj0XW,7cYEt1pqMgXJdq00hAwVpT,7C8uqokvE67UOlu1TiEYMd,Into It
6nek1Nin9q48AVZcWs9e9D,2geTIz7tYRniRcvdbLj0XW,4gzpq5DPGxSnKTe4SA8HAU,2R7iJz5uaHjLEVnMkloO18,Paradise
0FDzzruyVECATHXKHFs9eJ,2geTIz7tYRniRcvdbLj0XW,4gzpq5DPGxSnKTe4SA8HAU,2G4AUqfwxcV1UdQjm2ouYr,A Sky Full of Stars
3AJwUDP919kvQ9QcozQPxg,2geTIz7tYRniRcvdbLj0XW,4gzpq5DPGxSnKTe4SA8HAU,6ZG5lRT77aJ3btmArcykra,Yellow
3be9ACTxtcL6Zm4vJRUiPG,2geTIz7tYRniRcvdbLj0XW,6zO1dZ40fTZ5hY9NnnRJSk,5aelly3dAJd7yZlgUHpLBw,blue
5LrN7yUQAzvthd4QujgPFr,2geTIz7tYRniRcvdbLj0XW,5y8tKLUfMvliMe8IKamR32,3rrrTOHiXGzuW4FP7t0O1A,Here With Me
3hRV0jL3vUpRrcy398teAU,2geTIz7tYRniRcvdbLj0XW,6ltzsmQQbmdoHHbLZ4ZN25,4sD1qg4jwTZR4mvR4Iflk5,The Night We Met
2QjOHCTQ1Jl3zawyYOpxh6,2geTIz7tYRniRcvdbLj0XW,77SW9BnxLY8rJ0RciFqkHh,4xkM0BwLM9H2IUcbYzpcBI,Sweater Weather
1tuSpba0RXUMubHpAOWlMN,2geTIz7tYRniRcvdbLj0XW,5y8tKLUfMvliMe8IKamR32,3rrrTOHiXGzuW4FP7t0O1A,You and I
7dJYggqjKo71KI9sLzqCs8,2geTIz7tYRniRcvdbLj0XW,5cj0lLjcoR7YOSnhnX0Po5,6DmPNcfpkXBVRJsEIJY9tl,Agora Hills
3qhlB30KknSejmIvZZLjOD,2geTIz7tYRniRcvdbLj0XW,5p9HO3XC5P3BLxJs5Mtrhm,4JDXBZdRPId4devseaAOKH,End of Beginning
6EtKlIQmGPB9SX8UjDJG5s,2geTIz7tYRniRcvdbLj0XW,2feDdbD5araYcm6JhFHHw7,788r22Bhr3IHLTNPy8pZea,Formula
0JzG1wJuB4v9UPkSE7LMXi,2geTIz7tYRniRcvdbLj0XW,5nvWOyAkfNgVLKESq4fOj2,0ykf7jcx3yY49RpkIO1byF,Hotel
5e0b9LgOfi3aJSKXFcOWRe,2geTIz7tYRniRcvdbLj0XW,1EmdfupUQDpXOcb4Nj2mBH,3sgTZuoyovg4bR5iTgQoo3,Beanie
5IgjP7X4th6nMNDh4akUHb,2geTIz7tYRniRcvdbLj0XW,7bXgB6jMjp9ATFy66eO08Z,3okhA6w5uau6ZNhnVpwVww,Under The Influence
5xdVqHtFS0eLuNp4Z8Wbpa,2geTIz7tYRniRcvdbLj0XW,0C8ZW7ezQVs4URX5aX7Kqx,3Kbuu2tHsIbplFUkB7a5oE,Good For You
3gPYoFtn70aTgl546XVSET,2geTIz7tYRniRcvdbLj0XW,7eKkW1zo5uzW8kUntiiBvz,5LmuMAA2Qk4SDbdFK5kvnJ,Chest Pain (I Love)
5e08a8D8T3z4LDXbUIjxKQ,2geTIz7tYRniRcvdbLj0XW,3rWZHrfrsPBxVy692yAIxF,0oFPwpDPEsrIYoeGZLFQUv,Wait a Minute!
1HaKBMwoi3BoYCvjSLiFzT,2geTIz7tYRniRcvdbLj0XW,6PxIBIC6X6ABCIXnAgGUdc,4NERW1YTPp7fB6qzlLUUGy,Good For You x One Of The Girls
2s4AcE9n80mSHl87lp4gIm,2geTIz7tYRniRcvdbLj0XW,5cj0lLjcoR7YOSnhnX0Po5,54tInqO543zy0Y5F2VsUQI,Wine Pon You (feat. Konshens)
0qSnORtqjEXLFKKKSy9WMc,2geTIz7tYRniRcvdbLj0XW,1EmdfupUQDpXOcb4Nj2mBH,2kVk1VA2JnBovMvsyGSyT9,Beanie - Slowed
2CGNAOSuO1MEFCbBRgUzjd,2geTIz7tYRniRcvdbLj0XW,2YZyLoL8N0Wb9xBt1NhZWg,1Ss0ArMRr91m83mOgRBjSZ,luther (with sza)
0wrWxW18WK2MkrfDpRHkyh,2geTIz7tYRniRcvdbLj0XW,2mAYpnSe3g2Y22JcZ2ddku,5yuGLsbL0XTjON5tewyApa,Me and the Devil
1ujxjsoNvh4XgS2fUNwkZ2,2geTIz7tYRniRcvdbLj0XW,56ZTgzPBDge0OvCGgMO3OY,5tTmosmyV33wCiwniZc4Qs,Space Song
4oHQ8n9OKQ3599e8noCrDX,2geTIz7tYRniRcvdbLj0XW,2PI9HrzzMTN7E5poWl4QX5,5bZT73mZyTvxu3de7BBhEu,I Think They Call This Love
5WbfFTuIldjL9x7W6y5l7R,2geTIz7tYRniRcvdbLj0XW,5szilpXHcwOqnyKLqGco5j,7jXmmQ1gNTXHyTF7uvH4Tn,Kingston
6IZvVAP7VPPnsGX6bvgkqg,2geTIz7tYRniRcvdbLj0XW,2YZyLoL8N0Wb9xBt1NhZWg,4eLPsYPBmXABThSJ821sqY,PRIDE.
3xKsf9qdS1CyvXSMEid6g8,2geTIz7tYRniRcvdbLj0XW,2h93pZq0e7k5yf4dywlkpM,3mH6qwIy9crq0I9YQbOuDf,Pink + White
4S1VYqwfkLit9mKVY3MXoo,2geTIz7tYRniRcvdbLj0XW,0xliTEbFfy5HQHvsTknTkX,2256qKBSQdt53T5dz4Kdcs,Forever Young
5zWZ9iNevP0397xB3jWV2z,2geTIz7tYRniRcvdbLj0XW,79bxUQsBIXO8nVLB9fYKf7,3g5K7IOTOSY6nIfu7lj562,Brother Louie
3azJifCSqg9fRij2yKIbWz,2geTIz7tYRniRcvdbLj0XW,2jku7tDXc6XoB6MO2hFuqg,5Gm2XKBgnlzd6qTi7LE1z2,The Color Violet
3EaJDYHA0KnX88JvDhL9oa,2geTIz7tYRniRcvdbLj0XW,57vWImR43h4CaDao012Ofp,7vrsFZNVhrriKh0SZKJW41,Dark Red
6VObnIkLVruX4UVyxWhlqm,2geTIz7tYRniRcvdbLj0XW,4dpARuHxo51G3z768sgnrY,6TwN6Lq9glwnG8kNp6chHY,Skyfall
3FjK86616FbluOfTxNK2gY,2geTIz7tYRniRcvdbLj0XW,6EPlBSH2RSiettczlz7ihV,2Qq4N5lYtsZspF2QFLKcbY,ANXIETY (feat. Doechii)
7MlDNspYwfqnHxORufupwq,2geTIz7tYRniRcvdbLj0XW,7I3bkknknQkIiatWiupQgD,7gA8QSNSZvHUYC9feFpeLj,"Sex, Drugs, Etc."
2Lumsra3kuU61wXkEKzKaK,2geTIz7tYRniRcvdbLj0XW,1gl0S9pS0Zw0qfa14rDD3D,46LE2xR4e92aVvo1QlUiS3,Disco
6IAuH3hgTRpUUdmOGubXGS,2geTIz7tYRniRcvdbLj0XW,0oK5D6uPhGu4Jk2dbZfodU,6ofJrAZaaX0iWTXYXObUxE,Can I Call You Rose?
0dGqP4VickYjtIaB5VOt4H,2geTIz7tYRniRcvdbLj0XW,1z7b1Pr1rSlvWRzsW3HOrS,6QYK9rRB1nJ1ZnhEiOKT1J,3:15 (Breathe)
0JmnkIqdlnUzPaf8sqBRs3,2geTIz7tYRniRcvdbLj0XW,1U1el3k54VvEUzo3ybLPlM,5OZ44LaqZbpP3m9B3oT8br,Moonlight
1lOe9qE0vR9zwWQAOk6CoO,2geTIz7tYRniRcvdbLj0XW,4Ga1P7PMIsmqEZqhYZQgDo,1I6FpscJIfwf4T56VxGVsB,Ransom
6jbYpRPTEFl1HFKHk1IC0m,2geTIz7tYRniRcvdbLj0XW,4V8LLVI7PbaPR0K2TGSxFF,0U28P0QVB1QRxpqp5IHOlH,Like Him (feat. Lola Young)
5MAK1nd8R6PWnle1Q1WJvh,2geTIz7tYRniRcvdbLj0XW,5RCWMaArEntbkeWYVxCiFW,160pzqIuixGY7qegAnQCHY,I See Red
7KA4W4McWYRpgf0fWsJZWB,2geTIz7tYRniRcvdbLj0XW,4V8LLVI7PbaPR0K2TGSxFF,2nkto6YNI4rUYTLqEwWJ3o,See You Again (feat. Kali Uchis)
6K4t31amVTZDgR3sKmwUJJ,2geTIz7tYRniRcvdbLj0XW,5INjqkS1o8h1imAzPqGZBb,79dL7FLiJFOO0EoehUHQBv,The Less I Know The Better
5TRPicyLGbAF2LGBFbHGvO,2geTIz7tYRniRcvdbLj0XW,5K4W6rqBFWDnAN6FQUkS6x,4SZko61aMnmgvNhfhgTuD3,Flashing Lights
37vVp2sWHuuIBOSl1NswP6,2geTIz7tYRniRcvdbLj0XW,5arKwJZEvT5uKq4o0JfqR4,3Q25UtV9pHu7onNcKwmmZ3,i'm yours
7uDUb37h7Xdhza1eWMkoJv,2geTIz7tYRniRcvdbLj0XW,7cYEt1pqMgXJdq00hAwVpT,4hZ8kmFKSmguXiWpGjUzcF,Friends
6N22FZs2ZhPBYi3b9XPajV,2geTIz7tYRniRcvdbLj0XW,2feDdbD5araYcm6JhFHHw7,788r22Bhr3IHLTNPy8pZea,Still Don't Know My Name
2K7xn816oNHJZ0aVqdQsha,2geTIz7tYRniRcvdbLj0XW,77SW9BnxLY8rJ0RciFqkHh,0ODLCdHBFVvKwJGeSfd1jy,Softcore
5E30LdtzQTGqRvNd7l6kG5,2geTIz7tYRniRcvdbLj0XW,77SW9BnxLY8rJ0RciFqkHh,18iFxjZugvKhuNNMbLjZJF,Daddy Issues
7CyPwkp0oE8Ro9Dd5CUDjW,2geTIz7tYRniRcvdbLj0XW,1Xyo4u8uXC1ZmMpatF05PJ,7tzVd1fwkxsorytCBjEJkU,"One Of The Girls (with JENNIE, Lily Rose Depp)"
1cKHdTo9u0ZymJdPGSh6nq,2geTIz7tYRniRcvdbLj0XW,1Xyo4u8uXC1ZmMpatF05PJ,4qZBW3f2Q8y0k1A84d4iAO,I Was Never There
5rPNVwYjVEgkq6YNPki4Zc,2geTIz7tYRniRcvdbLj0XW,25jJ6vyXwTRa0e6XCcdR6U,5lB0QAZik2r9T51pB5gG0u,BABYDOLL
5Az8KU81g2aLBbJN67F2CI,2geTIz7tYRniRcvdbLj0XW,4j56EQDQu5XnL7R3E9iFJT,3cSzKBfylctgJwqorcNEo2,Mind Over Matter
1Is8hGpkGMiePASAxBluxM,2geTIz7tYRniRcvdbLj0XW,5SXuuuRpukkTvsLuUknva1,3r46DPIQeBQbjvjjV5mXGg,16
2mdEsXPu8ZmkHRRtAdC09e,2geTIz7tYRniRcvdbLj0XW,00FQb4jTyendYWaN8pK0wa,5XpEKORZ4y6OrCZSKsi46A,Cinnamon Girl
0JXXNGljqupsJaZsgSbMZV,2geTIz7tYRniRcvdbLj0XW,360IAlyVv4PCEVjgyMZrxK,493HYe7N5pleudEZRyhE7R,Sure Thing
5hVghJ4KaYES3BFUATCYn0,2geTIz7tYRniRcvdbLj0XW,4V8LLVI7PbaPR0K2TGSxFF,5zi7WsKlIiUXv09tbGLKsE,EARFQUAKE
45J4avUb9Ni0bnETYaYFVJ,2geTIz7tYRniRcvdbLj0XW,2YZyLoL8N0Wb9xBt1NhZWg,0hvT3yIEysuuvkK73vgdcW,luther (with sza)
3GCdLUSnKSMJhs4Tj6CV3s,2geTIz7tYRniRcvdbLj0XW,2YZyLoL8N0Wb9xBt1NhZWg,3pLdWdkj83EYfDN6H2N8MR,All The Stars (with SZA)
0PVLrYwxpQQts9CvEXLcWx,2geTIz7tYRniRcvdbLj0XW,3TVXtAsR1Inumwj472S9r4,2yIwhsIWGRQzGQdn1czSK0,Hotline Bling
5mCPDVBb16L4XQwDdbRUpz,2geTIz7tYRniRcvdbLj0XW,3TVXtAsR1Inumwj472S9r4,1lXY618HWkwYKJWBRYR4MK,Passionfruit
1NZs6n6hl8UuMaX0UC0YTz,2geTIz7tYRniRcvdbLj0XW,00FQb4jTyendYWaN8pK0wa,1ORxRsK3MrSLvh7VQTF01F,Brooklyn Baby
6tDDoYIxWvMLTdKpjFkc1B,2geTIz7tYRniRcvdbLj0XW,1U1el3k54VvEUzo3ybLPlM,00wSTrFxoSzA7eeS1UxHgd,telepatía
0sTlGEld0h8kIPZaKDYUf4,2geTIz7tYRniRcvdbLj0XW,1QfpRUtH14JLoY6F6AYmwt,4Uf8BVznefnd2xZm2nRFUx,Notion
4k6Uh1HXdhtusDW5y8Gbvy,2geTIz7tYRniRcvdbLj0XW,57vWImR43h4CaDao012Ofp,3Ks0eeH0GWpY4AU20D5HPD,Bad Habit
0io16MKpbeDIdYzmGpQaES,3gWDFNKrWtAWTix1G1CWxi,5HK6QtizXJzCmoYTkvFRik,0mV9Pfr1GfoZLkp1EAau9P,Embrace It
6AI3ezQ4o3HUoP6Dhudph3,3gWDFNKrWtAWTix1G1CWxi,2YZyLoL8N0Wb9xBt1NhZWg,5JjnoGJyOxfSZUZtk2rRwZ,Not Like Us
0nbXyq5TXYPCO7pr3N8S4I,3gWDFNKrWtAWTix1G1CWxi,757aE44tKEUQEqRuT6GnEB,52u4anZbHd6UInnmHRFzba,The Box
28drn6tQo95MRvO0jQEo5C,3gWDFNKrWtAWTix1G1CWxi,1RyvyyTE3xzB2ZywiAwp0i,4iqbFIdGOTzXeDtt9owjQn,Type Shit
0VgkVdmE4gld66l8iyGjgx,3gWDFNKrWtAWTix1G1CWxi,1RyvyyTE3xzB2ZywiAwp0i,17FBoXK1NU2rvJBbzdzw0r,Mask Off
42VsgItocQwOQC3XWZ8JNA,3gWDFNKrWtAWTix1G1CWxi,0Y5tJX1MQlPlqiwlOH1tJY,18NOKLkZETa4sWwLMIm0UZ,FE!N (feat. Playboi Carti)
2c7z5oRcPBbqRaBY2mLWcf,3gWDFNKrWtAWTix1G1CWxi,4Gso3d4CscCijv0lmajZWs,0Kzb3u6kMnOJOZXYFSk33F,NEW DROP
5SWnsxjhdcEDc7LJjq9UHk,3gWDFNKrWtAWTix1G1CWxi,1URnnhqYAYcrqrcwql10ft,6wTyGUWGCilBFZ837k5aRi,Runnin
3F5CgOj3wFlRv51JsHbxhe,3gWDFNKrWtAWTix1G1CWxi,3TVXtAsR1Inumwj472S9r4,3cf4iSSKd8ffTncbtKljXw,Jimmy Cooks (feat. 21 Savage)
5wG3HvLhF6Y5KTGlK0IW3J,3gWDFNKrWtAWTix1G1CWxi,0iEtIxbK0KxaSlF7G42ZOp,7txGsnDSqVMoRl6RQ9XyZP,Trance (with Travis Scott & Young Thug)
1jKXjxMWlq4BhH6f9GtZbu,3gWDFNKrWtAWTix1G1CWxi,4Gso3d4CscCijv0lmajZWs,0Kzb3u6kMnOJOZXYFSk33F,TORE UP
52eIcoLUM25zbQupAZYoFh,3gWDFNKrWtAWTix1G1CWxi,1URnnhqYAYcrqrcwql10ft,2RRYaYHY7fIIdvFlvgb5vq,redrum
0FIDCNYYjNvPVimz5icugS,3gWDFNKrWtAWTix1G1CWxi,1Xyo4u8uXC1ZmMpatF05PJ,3OxfaVgvTxUTy7276t7SPU,Timeless (feat Playboi Carti)
2tudvzsrR56uom6smgOcSf,3gWDFNKrWtAWTix1G1CWxi,1RyvyyTE3xzB2ZywiAwp0i,4iqbFIdGOTzXeDtt9owjQn,Like That
6gi6y1xwmVszDWkUqab1qw,3gWDFNKrWtAWTix1G1CWxi,7A8S43ryYdbWpJKeHRZRcq,1Sf8GsXG32t0jNrX11xqWx,OUT WEST (feat. Young Thug)
0eaVIYo2zeOaGJeqZ5TwYz,3gWDFNKrWtAWTix1G1CWxi,4Gso3d4CscCijv0lmajZWs,2Q2TRdT994vTzGE3Grmmht,No Pole
1560osUcXrnov6yuOjXvc1,3gWDFNKrWtAWTix1G1CWxi,3TVXtAsR1Inumwj472S9r4,78NIQe42qKXahAeZAb3w0h,No Face
27a1mYSG5tYg7dmEjWBcmL,3gWDFNKrWtAWTix1G1CWxi,0Y5tJX1MQlPlqiwlOH1tJY,41GuZcammIkupMPKH2OJ6I,CAN'T SAY
6pcywuOeGGWeOQzdUyti6k,3gWDFNKrWtAWTix1G1CWxi,1URnnhqYAYcrqrcwql10ft,6wTyGUWGCilBFZ837k5aRi,Glock In My Lap
0PHrcmOtDE89ew4vVEaD7S,3gWDFNKrWtAWTix1G1CWxi,4Gso3d4CscCijv0lmajZWs,0Kzb3u6kMnOJOZXYFSk33F,BANDIT
1fewSx2d5KIZ04wsooEBOz,3gWDFNKrWtAWTix1G1CWxi,0iEtIxbK0KxaSlF7G42ZOp,3IO8IPjwXuzPJnoaqkwYrj,Space Cadet (feat. Gunna)
0uxSUdBrJy9Un0EYoBowng,3gWDFNKrWtAWTix1G1CWxi,4O15NlyKLIASxsJ0PrXPfz,0zicd2mBV8HTzSubByj4vP,20 Min
0lodMO0qK83vfPiiD7FMEt,3gWDFNKrWtAWTix1G1CWxi,0Y5tJX1MQlPlqiwlOH1tJY,18NOKLkZETa4sWwLMIm0UZ,TOPIA TWINS (feat. Rob49 & 21 Savage)
2Hh3ETdQKrmSI3QS0hme7g,3gWDFNKrWtAWTix1G1CWxi,0iEtIxbK0KxaSlF7G42ZOp,7txGsnDSqVMoRl6RQ9XyZP,Too Many Nights (feat. Don Toliver & with Future)
4gh0ZnHzaTMT1sDga7Ek0N,3gWDFNKrWtAWTix1G1CWxi,0Y5tJX1MQlPlqiwlOH1tJY,42WVQWuf1teDysXiOupIZt,sdp interlude
0FA4wrjDJvJTTU8AepZTup,3gWDFNKrWtAWTix1G1CWxi,4O15NlyKLIASxsJ0PrXPfz,3VvPLpCZR5viLBFTbzm6E1,Watch This - ARIZONATEARS Pluggnb Remix
221qmpQeBNV87sUjQeUTVH,3gWDFNKrWtAWTix1G1CWxi,0iEtIxbK0KxaSlF7G42ZOp,7txGsnDSqVMoRl6RQ9XyZP,Around Me (feat. Don Toliver)
4KW1lqgSr8TKrvBII0Brf8,3gWDFNKrWtAWTix1G1CWxi,5K4W6rqBFWDnAN6FQUkS6x,7gsWAHLeT0w7es6FofOXk1,Father Stretch My Hands Pt. 1
6LyAwkJsHlW7RQ8S1cYAtM,3gWDFNKrWtAWTix1G1CWxi,0iEtIxbK0KxaSlF7G42ZOp,3IO8IPjwXuzPJnoaqkwYrj,Overdue (with Travis Scott)
29TPjc8wxfz4XMn21O7VsZ,3gWDFNKrWtAWTix1G1CWxi,699OTQXzgjhIYAHMy9RyPD,2QRedhP5RmKJiJ1i8VgDGR,Sky
6wsqVwoiVH2kde4k4KKAFU,3gWDFNKrWtAWTix1G1CWxi,0Y5tJX1MQlPlqiwlOH1tJY,18NOKLkZETa4sWwLMIm0UZ,I KNOW ?
5n4FTCMefvyKUjeWumdaWv,3gWDFNKrWtAWTix1G1CWxi,6Xgp2XMz1fhVYe7i6yNAax,6SpT5TOPIInmmwLyCcCAXX,Miss The Rage
3L0IKstjUgDFVQAbQIRZRv,3gWDFNKrWtAWTix1G1CWxi,699OTQXzgjhIYAHMy9RyPD,7dAm8ShwJLFm9SaJ6Yc58O,R.I.P.
0hKtu53OlIFXVuYkZwcn3o,3gWDFNKrWtAWTix1G1CWxi,1RyvyyTE3xzB2ZywiAwp0i,4iqbFIdGOTzXeDtt9owjQn,Cinderella
4kjI1gwQZRKNDkw1nI475M,3gWDFNKrWtAWTix1G1CWxi,0Y5tJX1MQlPlqiwlOH1tJY,18NOKLkZETa4sWwLMIm0UZ,MY EYES
4rXLjWdF2ZZpXCVTfWcshS,3gWDFNKrWtAWTix1G1CWxi,2hlmm7s2ICUX0LVIhVFlZQ,5qmZefgh78fN3jsyPPlvuw,fukumean
11kDth1aKUEUMq9r1pqyds,3gWDFNKrWtAWTix1G1CWxi,0Y5tJX1MQlPlqiwlOH1tJY,41GuZcammIkupMPKH2OJ6I,5% TINT
7EiZI6JVHllARrX9PUvAdX,3gWDFNKrWtAWTix1G1CWxi,1RyvyyTE3xzB2ZywiAwp0i,3jJKDKdlwRS584zUlHV2Ly,Low Life (feat. The Weeknd)
70TGNwQDvF5b6GQWlYPr8p,3gWDFNKrWtAWTix1G1CWxi,5H4yInM5zmHqpKIoMNAx4r,1pnm9zBlblhTRlE46ItLzU,BAND4BAND (feat. Lil Baby)
0vjeOZ3Ft5jvAi9SBFJm1j,3gWDFNKrWtAWTix1G1CWxi,0iEtIxbK0KxaSlF7G42ZOp,7txGsnDSqVMoRl6RQ9XyZP,Superhero (Heroes & Villains) [with Future & Chris Brown]
1e1JKLEDKP7hEQzJfNAgPl,3gWDFNKrWtAWTix1G1CWxi,699OTQXzgjhIYAHMy9RyPD,4rJgzzfFHAVFhCSt2P4I3j,Magnolia
1s9DTymg5UQrdorZf43JQm,3gWDFNKrWtAWTix1G1CWxi,699OTQXzgjhIYAHMy9RyPD,7dAm8ShwJLFm9SaJ6Yc58O,Fell In Luv (feat. Bryson Tiller)
7AzlLxHn24DxjgQX73F9fU,3gWDFNKrWtAWTix1G1CWxi,4Gso3d4CscCijv0lmajZWs,7z4GhRfLqfSkqrj5F3Yt2B,No Idea
2JvzF1RMd7lE3KmFlsyZD8,3gWDFNKrWtAWTix1G1CWxi,6l3HvQ5sa6mXTsMTB19rO5,3XzSOIE6zGLliuqsVGLmUc,MIDDLE CHILD
2FDTHlrBguDzQkp7PVj16Q,3gWDFNKrWtAWTix1G1CWxi,6Ip8FS7vWT1uKkJSweANQK,5l0QlaI3wdZpE7ggoO5Rwg,Sprinter
4Ls53fBNVfaXTROBi6X8Hw,3gWDFNKrWtAWTix1G1CWxi,4O15NlyKLIASxsJ0PrXPfz,2ua5bFkZLZl1lIgKWtYZIz,Just Wanna Rock
4CzhtKifG867Lu5DNQVBSA,3gWDFNKrWtAWTix1G1CWxi,699OTQXzgjhIYAHMy9RyPD,2QRedhP5RmKJiJ1i8VgDGR,Vamp Anthem
7h0d2h0fUmzbs7zeFigJPn,3gWDFNKrWtAWTix1G1CWxi,0Y5tJX1MQlPlqiwlOH1tJY,1Sf8GsXG32t0jNrX11xqWx,HIGHEST IN THE ROOM (feat. ROSALÍA & Lil Baby) - REMIX
6xcJyGpfZbuuiequtnlKt4,3gWDFNKrWtAWTix1G1CWxi,0Y5tJX1MQlPlqiwlOH1tJY,5qeikHFUgeO8f8HXm8k4cA,BUTTERFLY EFFECT
40iJIUlhi6renaREYGeIDS,3gWDFNKrWtAWTix1G1CWxi,3TVXtAsR1Inumwj472S9r4,3SpBlxme9WbeQdI9kx7KAV,Fair Trade (with Travis Scott)
0k1WUmIRnG3xU6fvvDVfRG,3gWDFNKrWtAWTix1G1CWxi,3TVXtAsR1Inumwj472S9r4,3SpBlxme9WbeQdI9kx7KAV,Way 2 Sexy (with Future & Young Thug)
2BcMwX1MPV6ZHP4tUT9uq6,3gWDFNKrWtAWTix1G1CWxi,3TVXtAsR1Inumwj472S9r4,3SpBlxme9WbeQdI9kx7KAV,Knife Talk (with 21 Savage ft. Project Pat)
5ry2OE6R2zPQFDO85XkgRb,3gWDFNKrWtAWTix1G1CWxi,3TVXtAsR1Inumwj472S9r4,00HZxSA1sOS9T3nA950sg4,Money In The Grave (Drake ft. Rick Ross)
1Es7AUAhQvapIcoh3qMKDL,3gWDFNKrWtAWTix1G1CWxi,1Xyo4u8uXC1ZmMpatF05PJ,2IRxVVqbSbqHJo8Zx50LYn,Timeless (feat. Playboi Carti)
6bnF93Rx87YqUBLSgjiMU8,3gWDFNKrWtAWTix1G1CWxi,1Xyo4u8uXC1ZmMpatF05PJ,4yP0hdKOZPNshxUOjY0cZj,Heartless
22VdIZQfgXJea34mQxlt81,3gWDFNKrWtAWTix1G1CWxi,1Xyo4u8uXC1ZmMpatF05PJ,0P3oVJBFOv3TDXlYRhGL7s,Can't Feel My Face
7MXVkk9YMctZqd1Srtv4MB,3gWDFNKrWtAWTix1G1CWxi,1Xyo4u8uXC1ZmMpatF05PJ,2ODvWsOgouMbaA5xf0RkJe,Starboy
7ycWLEP1GsNjVvcjawXz3z,3gWDFNKrWtAWTix1G1CWxi,13ubrt8QOOCPljQ2FL1Kca,3MATDdrpHmQCmuOcozZjDa,Praise The Lord (Da Shine) (feat. Skepta)
7iabz12vAuVQYyekFIWJxD,3gWDFNKrWtAWTix1G1CWxi,5H4yInM5zmHqpKIoMNAx4r,4AzPr5SUpNF553eC1d3aRy,BAND4BAND (feat. Lil Baby)
68qeaZhtMZ6abrJCYt6nQn,3gWDFNKrWtAWTix1G1CWxi,699OTQXzgjhIYAHMy9RyPD,0fSfkmx0tdPqFYkJuNX74a,RATHER LIE (with The Weeknd)
1K5KBOgreBi5fkEHvg5ap3,3gWDFNKrWtAWTix1G1CWxi,1RyvyyTE3xzB2ZywiAwp0i,4bNPOFOzxGhF5jhfIK6lit,Life Is Good (feat. Drake)
0lEjxUUlKqjqXrVlIHFduD,3gWDFNKrWtAWTix1G1CWxi,2hlmm7s2ICUX0LVIhVFlZQ,02uWB8Kekadkl3yGBoOOcx,P power (feat. Drake)
6iycYUk3oB0NPMdaDUrN1w,3gWDFNKrWtAWTix1G1CWxi,699OTQXzgjhIYAHMy9RyPD,0fSfkmx0tdPqFYkJuNX74a,EVIL J0RDAN
3WRUvGqySBZC6RkB5c2w1S,3gWDFNKrWtAWTix1G1CWxi,699OTQXzgjhIYAHMy9RyPD,0fSfkmx0tdPqFYkJuNX74a,MOJO JOJO
08dz3ygXyFur6bL7Au8u8J,3gWDFNKrWtAWTix1G1CWxi,699OTQXzgjhIYAHMy9RyPD,2QRedhP5RmKJiJ1i8VgDGR,Over
2t8yVaLvJ0RenpXUIAC52d,3gWDFNKrWtAWTix1G1CWxi,1URnnhqYAYcrqrcwql10ft,007DWn799UWvfY1wwZeENR,a lot
1auxYwYrFRqZP7t3s7w4um,3gWDFNKrWtAWTix1G1CWxi,3nFkdlSjzX9mRTtwJOzDYB,0OcMap99vLEeGkBCfCwRwS,Ni**as In Paris
0WSEq9Ko4kFPt8yo3ICd6T,3gWDFNKrWtAWTix1G1CWxi,5K4W6rqBFWDnAN6FQUkS6x,5CnpZV3q5BcESefcB3WJmz,Praise God
2cZOYofOX4d6g0OXxkaIjA,3gWDFNKrWtAWTix1G1CWxi,699OTQXzgjhIYAHMy9RyPD,3cdcIcidzGHVQW5e9qQgtx,ALL RED
2YSzYUF3jWqb9YP9VXmpjE,3gWDFNKrWtAWTix1G1CWxi,3TVXtAsR1Inumwj472S9r4,4czdORdCWP9umpbhFXK2fW,IDGAF (feat. Yeat)
7GX5flRQZVHRAGd6B4TmDO,3gWDFNKrWtAWTix1G1CWxi,4O15NlyKLIASxsJ0PrXPfz,733e1ZfktLSwj96X5rsMeE,XO Tour Llif3
4Se3fXoHJkcraQzJXo2IYn,3gWDFNKrWtAWTix1G1CWxi,3qiHUAX7zY4Qnjx8TNUzVx,3ZKEPJwhLcpUfYPMIsC4PF,Monëy so big
1a019wP7IdYLexwbmfZPm3,3gWDFNKrWtAWTix1G1CWxi,3qiHUAX7zY4Qnjx8TNUzVx,6Xo2PDEoQKzCndIbks2kvu,Flawlëss (feat. Lil Uzi Vert)
4lH6nENd1y81jp7Yt9lTBX,3gWDFNKrWtAWTix1G1CWxi,1RyvyyTE3xzB2ZywiAwp0i,7K6OykPbezfgKgBufihn6X,Solo
1sxGIhaxY8eF52e1TlShSP,3gWDFNKrWtAWTix1G1CWxi,6icQOAFXDZKsumw3YXyusw,2CYr9450iYkEWq4IWL8plY,Pardon Me (Lil Yachty feat. Future & Mike WiLL Made-It)
0nj9Bq5sHDiTxSHunhgkFb,3gWDFNKrWtAWTix1G1CWxi,2YZyLoL8N0Wb9xBt1NhZWg,0hvT3yIEysuuvkK73vgdcW,squabble up
5Ryu0SlsYjKh78RkJUONFr,3gWDFNKrWtAWTix1G1CWxi,6icQOAFXDZKsumw3YXyusw,6ufaA5YvSGK3E9KnRFYvvo,Flex Up (feat. Future & Playboi Carti)
6HZILIRieu8S0iqY8kIKhj,3gWDFNKrWtAWTix1G1CWxi,2YZyLoL8N0Wb9xBt1NhZWg,4eLPsYPBmXABThSJ821sqY,DNA.
2XHzzp1j4IfTNp1FTn7YFg,3gWDFNKrWtAWTix1G1CWxi,55Aa2cqylxrFIXC767Z865,6Pqlfg42Sc3ElNuyt5NUiK,Love Me
6REbwUNlppTfcnV4d4ZoZi,3gWDFNKrWtAWTix1G1CWxi,2YZyLoL8N0Wb9xBt1NhZWg,2XPrwlaAHHXnJzP9tBcIzH,Swimming Pools (Drank)
39MK3d3fonIP8Mz9oHCTBB,3gWDFNKrWtAWTix1G1CWxi,0iEtIxbK0KxaSlF7G42ZOp,1bwbZJ6khPJyVpOaqgKsoZ,"Annihilate (Spider-Man: Across the Spider-Verse) (Metro Boomin & Swae Lee, Lil Wayne, Offset)"
1pacwLXyRO47ka0v6LTIiY,3gWDFNKrWtAWTix1G1CWxi,0iEtIxbK0KxaSlF7G42ZOp,7txGsnDSqVMoRl6RQ9XyZP,Raindrops (Insane) [with Travis Scott]
00n83h3zn2IrySO4Q4aTrG,3gWDFNKrWtAWTix1G1CWxi,4Ga1P7PMIsmqEZqhYZQgDo,0pVQ3KO4jjqdeWJUrrkkWp,Down With Me
0AyA2lHB4YnQUNa8Y6NNjm,3gWDFNKrWtAWTix1G1CWxi,2jku7tDXc6XoB6MO2hFuqg,7MUY0WxCmHcgEEeQNjoe8a,Sorry 4 What? // LV BELT
1QV6tiMFM6fSOKOGLMHYYg,3gWDFNKrWtAWTix1G1CWxi,1HY2Jd0NmPuamShAr6KMms,1qwlxZTNLe1jq3b0iidlue,Poker Face
0cbVD7WpHVdHUKwoolzhCZ,3gWDFNKrWtAWTix1G1CWxi,4xPQFgDA5M2xa0ZGo5iIsv,4DOsPwJtokv6HEifZ6t5j6,FUK SUMN
7EW7Yivb93qKAtp5qEm5of,3gWDFNKrWtAWTix1G1CWxi,4Ga1P7PMIsmqEZqhYZQgDo,7BnNV4WZAG7rFqUeMHRdUP,Dark Thoughts
6rjuKpPydT2SxN15TZpV7r,3gWDFNKrWtAWTix1G1CWxi,4Ga1P7PMIsmqEZqhYZQgDo,4EURMuWFiLLRmQYoH5cgiE,500lbs
59nOXPmaKlBfGMDeOVGrIK,3gWDFNKrWtAWTix1G1CWxi,1RyvyyTE3xzB2ZywiAwp0i,6tE9Dnp2zInFij4jKssysL,WAIT FOR U (feat. Drake & Tems)
2u9S9JJ6hTZS3Vf22HOZKg,3gWDFNKrWtAWTix1G1CWxi,3TVXtAsR1Inumwj472S9r4,6Rl6YoCarF2GHPSQmmFjuR,NOKIA
77UjLW8j5UAGAGVGhR5oUK,3gWDFNKrWtAWTix1G1CWxi,1Xyo4u8uXC1ZmMpatF05PJ,3pLdWdkj83EYfDN6H2N8MR,Pray For Me (with Kendrick Lamar)
7vv89PswQvqGKCGJ1rw5on,3gWDFNKrWtAWTix1G1CWxi,4xPQFgDA5M2xa0ZGo5iIsv,5RV2TNyjylqWJNxQyHBTeJ,FIELD TRIP
0Li1OuXXfi7950ilZUFGkF,3gWDFNKrWtAWTix1G1CWxi,4Gso3d4CscCijv0lmajZWs,7z4GhRfLqfSkqrj5F3Yt2B,Cardigan
7aqfrAY2p9BUSiupwk3svU,3gWDFNKrWtAWTix1G1CWxi,3TVXtAsR1Inumwj472S9r4,4czdORdCWP9umpbhFXK2fW,First Person Shooter (feat. J. Cole)
2ZXxRC6V6AXzMdbLQZMHSB,3gWDFNKrWtAWTix1G1CWxi,4Ga1P7PMIsmqEZqhYZQgDo,7nTvm6EgmFWPLMLxj6aksS,LOT OF ME
